,keywords
Massachusetts Institute of Technology (MIT),"mit,independent,coeducational,privately,endowed,university,organized,five,school,architecture,planning,engineering,humanity,art,social,science,management,science,yet,principle,educational,innovation,remains,core,mit,’,educational,philosophy,mit,researcher,forefront,development,artificial,intelligence,climate,adaptation,hiv,cancer,poverty,alleviation,past,mit,research,fuelled,scientific,breakthrough,development,radar,invention,magnetic,core,memory,concept,expanding,universe,edge,campus,merges,various,cambridge,neighborhood,including,kendall,square,one,innovative,square,mile,planet,close,association,industry,research,helped,mit,alumnus,go,launch,30000,active,company,creating,46,million,job,generating,roughly,19,trillion,annual,revenue,wonder,nation,mit,graduate,would,equivalent,10thlargest,economy,world"
Stanford University,"stanford,university,heart,northern,california,’,dynamic,silicon,valley,home,yahoo,google,hewlettpackard,many,cuttingedge,tech,company,founded,continue,led,stanford,alumnus,faculty,nicknamed,“,billionaire,factory,”,said,stanford,graduate,formed,country,would,boast,one,world,’,largest,ten,economy,covering,8180,acre,stanford,one,largest,university,campus,u,18,interdisciplinary,research,institute,seven,school,graduate,school,business,school,earth,energy,environmental,science,graduate,school,education,school,engineering,school,humanity,science,law,school,school,medicine,fast,forward,century,stanford,count,19,nobel,laureate,within,community,regularly,ranked,among,top,three,university,world,nicknamed,“,farm,”,day,horse,roamed,stanford,’,campus,thriving,community,11000,creative,accomplished,people,around,world,nearly,undergraduate,60,per,cent,graduate,student,live,campus,hardly,surprising,student,life,rich,diverse,625,organized,student,group"
Harvard University,"harvard,oldest,higher,education,institution,united,state,widely,regarded,term,influence,reputation,academic,pedigree,leading,university,u,also,world,also,home,largest,academic,library,system,world,18,million,volume,180000,serial,title,estimated,400,million,manuscript,item,10,million,photograph,freshman,student,live,one,dormitory,harvard,yard,prime,location,eat,historic,picturesque,annenberg,dining,hall,harvard,student,active,around,beyond,campus,400,official,student,society,including,extracurricular,cocurricular,athletic,opportunity,whether,playing,field,harvard,stadium,fostering,entrepreneurial,activity,harvard,innovation,lab,writing,editing,daily,newspaper,harvard,crimson,student,life,rich,rewarding,experience,university,regularly,ranked,number,one,world,consistency,charttopping,performance,show,success,yet,breed,complacency"
University of Oxford,"university,oxford,oldest,university,englishspeaking,world,actually,ancient,founding,date,unknown,–,though,thought,teaching,took,place,early,11th,century,university,oxford,main,campus,building,facility,instead,scattered,around,medieval,city,center,college,distinctive,character,tradition,often,dating,back,century,college,selfgoverning,institution,student,usually,apply,directly,four,academic,division,within,oxford,university,humanity,mathematical,physical,life,science,medical,science,social,science,university,’,particular,strength,science,ranked,number,one,world,medicineoxford,alumnus,network,250000,individual,including,120,olympic,medalist,26,nobel,prize,winner,seven,poet,laureate,30,modern,world,leader,including,bill,clinton,aung,san,suu,kyi,indira,ghandi,26,uk,prime,minister"
California Institute of Technology (Caltech),"california,institute,technology,caltech,worldrenowned,science,engineering,research,education,institution,located,pasadena,california,around,11,mile,northeast,downtown,los,angeles,caltech,high,research,output,well,many,highquality,facility,jet,propulsion,laboratory,owned,nasa,caltech,seismological,laboratory,international,observatory,network,’,among,small,group,institute,technology,united,state,primarily,devoted,teaching,technical,art,applied,science,fiercely,competitive,admission,process,ensures,small,number,gifted,student,admittedcaltech,also,offer,excellent,opportunity,study,performance,music,theater,visual,art,activity,play,vital,role,realizing,caltech,’,mission,role,realizing,institute,mission,educating,outstanding,student,become,creative,member,society,providing,touch,grandeur,athenaeum,stately,building,center,campus,member,go,formal,informal,dining,meeting,rendezvous,private,party,balance,caltech,rigorous,academic,curriculum,activity,promote,personal,development,ensures,time,spent,student,formative,invaluable,staging,post,successful,career,although,may,lack,reputation,ivy,league,university,like,oxford,cambridge,caltech,undoubtedly,one,best,university,world,fact,reflected,university,ranking,regularly,single,technology,engineering,school,’,key,academic,strength"
ETH Zurich (Swiss Federal Institute of Technology),"eth,zurich,one,world,leading,university,science,technology,known,cuttingedge,research,innovation,established,1855,swiss,federal,polytechnic,school,century,half,later,university,count,21,nobel,laureate,2,field,medalist,2,pritzker,prize,winner,1,turing,award,winner,alumnus,including,great,albert,einstein,education,eth,zurich,combine,solid,theory,practical,application,degree,program,build,strong,mathematical,foundation,undergraduate,main,teaching,language,german,master,program,doctoral,study,english"
University of Cambridge,"university,cambridge,collegiate,public,research,institution,serf,18000,student,corner,globe,university,cambridge,’,800year,history,make,fourtholdest,university,world,secondoldest,university,englishspeaking,world,cambridge,student,make,20,percent,town,population,older,college,situated,near,city,center,notable,building,give,city,cambridge,unique,character,include,king,college,chapel,history,faculty,building,designed,james,stirling,cripps,building,st,john,college,reputation,academic,excellence,traditional,scholarly,value,university,cambridge,often,rank,among,top,university,world,teaching,research,international,outlook,university,educated,eminent,mathematician,scientist,politician,lawyer,philosopher,writer,actor,head,state,ninetyeight,nobel,laureate,15,british,prime,minister,affiliation,cambridge,student,faculty,alumnus,including,scientist,francis,crick,frederick,sanger"
UCL (University College London),"ucl,diverse,community,freedom,challenge,question,think,differently,community,pursues,academic,excellence,break,boundary,make,positive,impact,real,world,problemsat,heart,ucl,’,mission,research,rated,top,university,uk,research,strength,last,research,excellence,framework,ref,2014,offer,675,postgraduate,taught,research,initial,teacher,education,programme,across,wide,range,discipline,encourage,community,work,across,traditional,subject,boundary,ucls,researchbased,teaching,methodology,mean,research,integrated,many,degree,student,opportunity,make,original,contribution,field,study,ucl,know,student,choose,enter,graduate,study,myriad,reason,deeply,committed,supporting,student,’,aspiration,enhancing,skill,employability,ucl,career,help,student,find,perfect,career,develop,professional,skill,start,business,onetoone,guidance,event,well,variety,career,information,recruitment,networking,event,help,student,improve,knowledge,particular,industry,sector,specific,employer,student,interested,starting,business,ucl,innovation,enterprise,give,expert,advice,practical,support,well,networking,opportunity"
Imperial College London,"ranked,8th,world,q,world,university,rankings®,2021,imperial,college,london,oneofakind,institution,uk,focusing,solely,science,engineering,medicine,business,imperial,offer,education,researchled,exposing,real,world,challenge,easy,answer,teaching,open,everything,question,opportunity,work,across,multicultural,multinational,team,one,distinctive,element,imperial,education,student,join,community,worldclass,researcher,cutting,edge,globally,influential,nature,research,imperial,best,known,’,focus,practical,application,research,–,particularly,addressing,global,challenge,–,high,level,interdisciplinary,collaboration,make,research,effective"
University of Chicago,"university,chicago,private,research,university,based,urban,center,chicago,third,populous,city,united,state,outside,ivy,league,chicago,one,america,’,top,university,hold,topten,position,various,national,international,ranking,beyond,art,science,chicago,glowing,reputation,professional,school,including,pritzker,school,medicine,booth,school,business,harris,school,public,policy,study,university,chicago,alumnus,responsible,development,many,academic,discipline,sociology,economics,law,literary,criticism"
Nanyang Technological University (NTU),"leading,global,university,centred,asia,national,university,singapore,nu,singapore,’,flagship,university,offer,global,approach,education,research,focus,asian,17,faculty,school,across,three,campus,transformative,education,includes,broadbased,curriculum,underscored,multidisciplinary,course,crossfaculty,enrichment,38000,student,100,country,enrich,community,diverse,social,cultural,perspective,nu,take,integrated,multidisciplinary,approach,research,working,partner,industry,government,academia,address,crucial,complex,issue,relevant,asia,world,researcher,nu,’,school,faculty,30,universitylevel,research,institute,centre,research,centre,excellence,cover,wide,range,theme,including,energy,environmental,urban,sustainability,treatment,prevention,disease,common,among,asian,active,ageing,advanced,material,risk,management,resilience,financial,system,university,’,latest,research,focus,use,data,science,optimisation,research,cyber,security,support,singapore,smart,nation,initiative,nu,also,strives,create,supportive,innovative,environment,promote,creative,enterprise,within,community"
National University of Singapore (NUS),"young,researchintensive,nanyang,technological,university,singapore,ntu,singapore,placed,11th,globally,1st,among,world,’,best,young,university,five,consecutive,year,q,university,ranking,ranked,top,university,world,citation,artificial,intelligence,nikkei,elsevier,2017,period,20122016,ntu,embracing,digital,technology,better,learning,living,part,smart,campus,vision,partnership,world,’,leading,technology,company,alibaba,rollsroyce,bmw,volvo,delta,electronics,singtel,many,area,societal,importance,impact,include,artificial,intelligence,data,science,robotics,smart,transportation,computing,personalised,medicine,healthcare,clean,energy,ntu,smart,campus,living,testbed,tomorrow,’,technology,also,frequently,listed,among,world,’,top,15,beautiful,university,campus,57,green,markcertified,equivalent,leedcertified,building,project,comprising,230,building,95,certified,green,mark,platinum"
Princeton University,"princeton,one,oldest,prestigious,university,united,state,founded,1746,moved,current,site,new,jersey,1896,princeton,renowned,spectacular,greenery,campus,architectural,splendor,landmark,building,lewis,library,designed,frank,gehry,student,body,relatively,small,fewer,10000,enrolled,total,international,student,make,12,per,cent,undergraduate,princeton,one,world,’,foremost,research,university,educated,two,u,president,james,madison,woodrow,wilson,distinguished,graduate,include,michelle,obama,actor,jimmy,stewart,david,duchovny,google,chairman,eric,schmidt,apollo,astronaut,pete,conrad,princeton,founded,new,light,presbyterian,provide,training,minister,american,civil,war,college,expanded,curriculum,overhauled,around,turn,20th,century,officially,became,university,famous,graduate,school,opened,today,’,princeton,provides,undergraduate,graduate,education,humanity,social,science,natural,science,engineering,well,offering,number,professional,degree,princeton,’,main,campus,spread,across,500,acre,around,180,building,including,10,library,main,campus,named,one,beautiful,united,state,new,york,’,travelleisure,magazine,princeton,student,live,eat,study,work,leisure,campus,ivy,league,institution,guarantee,accommodation,undergraduate,student,across,four,year,degree,committed,building,diverse,campus,community,residential,college,offer,variety,academic,social,cultural,recreational,program,opportunity,abound,student,engage,interest,beyond,academic,study,whether,writing,literary,publication,learning,science,beekeeping,singing,capella,group,university,within,easy,reach,new,york,city,philadelphia,“,dinky,”,shuttle,train,providing,regular,onehour,service,city,studying,princeton,surrounded,natural,beauty,architectural,gem,brings,best,student,several,alumnus,faculty,member,awarded,nobel,prize,university,consistently,ranked,top,ten,worldwide,admission,needblind,combination,grant,college,job,student,graduate,debt,–,even,though,60,percent,incoming,student,receive,financial,aid,princeton,one,oldest,prestigious,university,united,state,founded,1746,moved,current,site,new,jersey,1896,princeton,renowned,spectacular,greenery,campus,architectural,splendor,landmark,building,lewis,library,designed,frank,gehry,student,body,relatively,small,fewer,10000,enrolled,total,international,student,make,12,per,cent,undergraduate,princeton,one,world,’,foremost,research,university,educated,two,u,president,james,madison,woodrow,wilson,distinguished,graduate,include,michelle,obama,actor,jimmy,stewart,david,duchovny,google,chairman,eric,schmidt,apollo,astronaut,pete,conrad,princeton,founded,new,light,presbyterian,provide,training,minister,american,civil,war,college,expanded,curriculum,overhauled,around,turn,20th,century,officially,became,university,famous,graduate,school,opened,today,’,princeton,provides,undergraduate,graduate,education,humanity,social,science,natural,science,engineering,well,offering,number,professional,degree"
Cornell University,"cornell,coeducational,nonsectarian,institution,admission,restricted,religion,race,liberal,tradition,cornell,hold,dear,recent,article,cornell,chronicle,heralded,first,allfemale,class,admitted,famous,farrier,program,veterinary,science,cornell,also,first,university,offer,degree,journalism,first,teach,modern,far,eastern,language"
University of Pennsylvania,"university,pennsylvania,private,ivy,league,research,university,located,city,philadelphia,founded,1740,benjamin,franklin,one,united,state,’,founding,father,eager,create,school,educate,future,generation,penn,strong,focus,interdisciplinary,learning,research,offering,double,degree,program,unique,major,academic,flexibility,art,science,program,ranking,top,10,nationally,employment,prospect,student,among,brightest,penn,boast,one,highest,number,graduate,go,become,fortune,500,ceo,little,doubt,university,pennsylvania,deserves,ivy,league,status,reputation"
Tsinghua University,"tsinghua,university,established,1911,wake,anticolonialist,boxer,rebellion,saw,u,fine,china,30m,punishment,1909,president,theodore,roosevelt,negotiated,congress,reduction,sum,leftover,money,earmarked,university,scholarship,chinese,student,study,u,tsinghua,university,established,preparatory,school,student,’,trip,abroad,today,tsinghua,’,motto,“,selfdiscipline,excellence,”,taken,far,university,ranking,place,tsinghua,among,best,university,china,famous,alumnus,include,president,xi,jinping,graduated,degree,chemical,engineering,1979,tony,blair,henry,kissinger,bill,clinton,among,distinguished,guest,spoken,tsinghua,campus,student,keep,occupied,academic,study,although,heavy,workload,mean,studying,always,priority,110,student,club,association,covering,interest,science,technology,health,fitness,humanity,art,public,welfare"
Yale University,"yale,university,private,research,university,member,prestigious,ivy,league,group,america,’,celebrated,higher,education,institution,situated,new,connecticut,first,planned,city,america,yale,founded,english,puritan,1701,making,thirdoldest,higher,education,institution,united,state,undergraduate,follow,liberal,art,curriculum,allows,think,learn,across,discipline,deciding,upon,major,perhaps,distinctive,feature,yale,undergraduate,organized,social,system,residential,college,allows,experience,cohesiveness,intimacy,small,school,still,enjoying,cultural,scholarly,resource,large,university,study,yale,join,great,company,four,yale,graduate,signed,american,declaration,independence,university,educated,five,u,president,william,howard,taft,gerald,ford,george,h,w,bush,bill,clinton,george,w,bush,rightly,regarded,one,america,world,’,prestigious,university,competition,admitted,fierce,get"
Columbia University,"columbia,university,private,ivy,league,research,university,upper,manhattan,new,york,city,established,king,college,royal,charter,george,ii,great,britain,renamed,columbia,college,1784,following,american,revolutionary,war,undergraduate,acceptance,rate,58,percent,columbia,currently,third,selective,college,united,state,second,selective,ivy,league,harvard,first,president,none,literary,great,samuel,johnson,year,columbia,produced,numerous,distinguished,alumnus,oscar,winner,nobel,laureate,supreme,court,judge,three,u,president,author,declaration,independence,american,constitution,also,schooled,columbia,also,run,highly,distinguished,pulitzer,prize,annual,award,achievement,journalism,literature,musical,composition"
Ecole Polytechnique F�d�rale de Lausanne (EPFL),"école,polytechnique,fédérale,de,lausanne,epfl,research,institute,university,lausanne,switzerland,specializing,natural,science,engineering,epfl,singular,admission,process,wouldbe,undergraduate,swiss,national,selective,end,freshman,year,however,block,exam,determines,whether,student,continue,repeat,year,many,home,student,dropping,entirely,point,wide,range,sport,leisure,facility,keep,student,physically,active,studying,epfl,also,active,student,medium,publishing,monthly,newspaper,flash,daily,broadcast,student,radio,station,another,priority,campus,art,university,holding,several,annual,music,festival,year,largest,balélec,festival,15000,visitor,descend,upon,university,watch,30,concert,two,outdoor,four,indoor,stage"
University of Edinburgh,"university,edinburgh,one,world,top,university,consistently,ranked,world,top,50,placed,20th,2020,q,world,university,ranking,entrepreneurial,crossdisciplinary,culture,attracts,student,staff,across,globe,creating,unique,edinburgh,experience,provide,stimulating,working,learning,teaching,environment,access,excellent,facility,attract,world,best,nobel,prize,winning,laureate,future,explorer,pioneer,inventor,offer,range,way,study,oncampus,taught,programme,online,parttime,study,largest,provider,online,distance,learning,russell,group,uk,researchintensive,university,offer,70,online,programme,flexible,supportive,online,learning,programme,increasingly,popular,choice,student,looking,balance,study,professional,family,commitment,position,one,britain,’,leading,research,university,reaffirmed,result,2014,research,excellence,framework,ref,ref,rate,83,research,activity,worldleading,internationally,excellent,ranking,u,fourth,uk,based,quality,breadth,research,associated,19,nobel,prize,winner,alumnus,university,member,academic,staff,long,enjoyed,spirit,innovation,collaboration,continue,today,proudly,open,everyone,bringing,people,new,outlook,perspective,together,international,community,establishing,data,capital,europe,tackling,climate,change,paving,way,new,fertility,treatment,scientist,seeking,cure,cancer,repurposing,drug,improve,treatment,covid19,coronavirus,contributing,global,search,vaccine,joining,university,student,provides,unique,opportunity,work,influential,academic,chosen,field,edinburgh,develop,specialist,skill,deepen,understanding,gain,new,insight,perspective,equip,career,ahead,position,one,britain,’,leading,research,university,reaffirmed,result,2014,research,excellence,framework,ref,ref,rate,83,research,activity,worldleading,internationally,excellent,ranking,u,fourth,uk,based,quality,breadth,research,associated,19,nobel,prize,winner,alumnus,university,member,academic,staff,long,enjoyed,spirit,innovation,collaboration,continue,today,proudly,open,everyone,bringing,people,new,outlook,perspective,together,international,community,establishing,data,capital,europe,tackling,climate,change,paving,way,new,fertility,treatment,scientist,seeking,cure,cancer,repurposing,drug,improve,treatment,covid19,coronavirus,contributing,global,search,vaccine,joining,university,student,provides,unique,opportunity,work,influential,academic,chosen,field,edinburgh,develop,specialist,skill,deepen,understanding,gain,new,insight,perspective,equip,career,ahead,collaborate,host,worldleading,institution,field,diverse,escience,engineering,life,medical,science,art,culture,’,also,member,global,research,network,universitas,21,european,network,coimbra,group,well,unica,leru,una,europaour,student,crucial,continued,success,development,along,staff,forge,research,link,regular,travel,overseas,exchange,take,pride,partnership,institution,california,institute,technology,university,copenhagen,university,college,dublin,university,melbourne,peking,university,university,delhi,zhejiang,university–,name"
University of Michigan,"one,foremost,research,university,united,state,university,michigan,founded,1817,michigan,even,become,state,moved,detroit,central,campus,ann,arbor,1837,michigan,span,780,acre,made,central,north,campus,two,regional,campus,center,detroit,large,student,body,around,46000,undergraduate,numbering,twothirds,number,michigan,lauded,high,standard,research,university,’,comprehensive,graduate,program,offer,doctoral,degree,humanity,social,science,stem,field,science,technology,engineering,mathematics,well,professional,degree,architecture,business,medicine,law,pharmacy,nursing,social,work,public,health,dentistry,michigan,body,living,alumnus,comprises,half,million,people,one,largest,alumnus,base,university,world,valuable,resource,current,student,come,networking,building,industry,connection,around,quarter,student,accommodated,campus,many,residence,hall,serving,undergraduate,family,housing,intended,mainly,graduate,student,also,offcampus,apartment,house,cooperative,generally,house,upper,division,graduate,student,well,‘,theme,community,’,within,residence,hall,student,immerse,among,peer,similar,interest,michigan,1600,club,society,including,engineering,project,team,community,service,organization,charitable,project,michigan,marching,band,100,year,old,350,student,member,noted,musical,ensemble,include,university,michigan,men,’,glee,club,men,’,chorus,100,member,michigan,history,student,activism,number,group,dedicated,various,worth,cause,united,student,sweatshop,usa,devote,leftwing,cause,case,holding,account,multinational,company,exploit,worker,factory,also,conservative,group,young,american,freedom,well,nonpartisan,group,cultural,ethnical,student,organization,help,student,forge,smaller,community,large,university,population,publication,michigan,daily,published,five,day,week,fall,winter,term,allow,student,keep,abreast,latest,news,campus"
Peking University,"oldest,higher,education,institution,china,peking,university,founded,1898,replacement,ancient,guozijian,school,imperial,college,early,1920s,become,center,chinese,progressive,thought,playing,important,role,china,new,culture,movement,may,fourth,movement,tiananmen,square,protest,1989,among,significant,historical,event,peking,university,consistently,ranked,top,academic,institution,china,well,renowned,academically,’,wellknown,stunning,campus,ground,beauty,traditional,chinese,architecture,peking,university,educated,prominent,figure,chinese,history,including,mao,zedong,main,university,campus,former,site,qing,dynasty,imperial,garden,feature,traditional,chinesestyle,landscaping,including,traditional,house,garden,pagoda,well,many,notable,historical,building,structure,weiming,lake,north,campus,surrounded,walking,path,small,garden,university,ground,also,home,museum,museum,university,history,arthur,sackler,museum,art,archaeology,student,view,object,dating,back,thousand,year,’,environment,feed,enquiring,mind,young,student,–,academic,curriculum,’,already,peking,university,leading,university,science,research,teaching,successfully,developed,applied,science,research,teaching,well,30,college,12,department,93,undergraduate,program,199,master,degree,program,173,option,doctoral,candidate,peking,eager,student,receive,comprehensive,education,take,part,student,life,full,life,campus,rich,sport,extracurricular,fare,200,student,organization,range,activity,running,yearround,sport,important,beida,cup,athletic,championship,taking,place,year,festival,event,international,cultural,festival,singing,competition,foreign,student,allow,student,meet,make,friend,enjoy,balanced,life,outside,study"
The University of Tokyo,"established,1877,first,imperial,university,university,tokyo,one,japan,’,storied,prestigious,higher,education,establishment,2011,university,nicknamed,todai,ranked,second,world,behind,harvard,number,alumnus,ceo,position,fortune,500,company,also,15,japan,’,62,prime,minister,educated,university,tokyo,five,alumnus,gone,become,astronaut,tokyo,consists,10,faculty,15,graduate,school,30000,student,enrolled,2100,overseas,unusually,japanese,university,also,run,undergraduate,program,taught,entirely,english,international,program,japan,east,asia,international,program,environmental,science,2014,university,’,school,science,introduced,allenglish,undergraduate,transfer,program,called,global,science,course,todai,five,campus,district,hongō,komaba,kashiwa,shirokane,nakano,tokyo,vibrant,metropolis,distinct,urban,character,unique,culture,ideal,growing,mind,youthful,adventure,main,hongo,campus,occupies,former,estate,maeda,family,feudal,lord,kaga,province,therefore,attracts,tourist,due,landmark,akamon,red,gate,majestic,yasuda,auditorium,’,also,utokyo,’,annual,may,festival,held,campus,modern,feature,komaba,campus,¬–,home,college,art,science,graduate,school,art,science,graduate,school,mathematical,science,–,home,7000,freshman,sophomore,undergraduate,experience,university,tokyo,unique,’,japanese,university,system,two,year,general,education,student,choose,major,campus,designated,center,excellence,three,new,area,research,japan,’,ministry,education,science"
Johns Hopkins University,"john,hopkins,university,american,private,research,university,baltimore,maryland,founded,1876,named,first,benefactor,american,entrepreneur,abolitionist,philanthropist,john,hopkins,blazed,trail,among,higher,education,institution,first,u,research,university,today,put,money,research,u,academic,institution,’,also,widely,credited,revolutionizing,higher,education,first,u,institution,integrate,teaching,research,date,john,hopkins,spawned,27,nobel,laureate,including,former,u,president,woodrow,wilson,john,hopkins,organized,10,division,campus,maryland,washington,dc,international,center,italy,china,singapore,john,hopkins,regularly,rank,top,10,university,u,also,competitive,globally,especially,undergraduate,program,john,hopkins,enrolls,24000,full,parttime,student,across,nine,academic,division,faculty,member,student,studying,teaching,learning,across,260,program,art,music,humanity,social,natural,science,engineering,international,study,education,business,health,profession,applicant,undergraduate,level,generally,ranked,top,10,percent,high,school,class,time,application,selectivity,risen,class,graduating,2020,acceptance,rate,114,percent,john,hopkins,undergraduate,study,homewood,140acre,north,baltimore,campus,home,school,engineering,art,science,’,traditional,college,setting,heart,big,blossoming,city,redbrick,building,treelined,pathway,iconic,clock,tower,expansive,green,quad,nearly,undergraduate,based,main,campus,live,residence,hall,first,two,year,make,friend,take,advantage,officially,named,one,best,campus,dining,program,u,’,also,easy,access,top,class,art,culture,school,’,conservatory,peabody,institute,regularly,host,musical,extravaganza,concert,performance,center,visual,art,located,next,baltimore,museum,art,provides,plenty,source,artistic,inspiration,offcampus,student,venture,baltimore,city,rich,history,workingclass,port,blossomed,hub,social,cultural,economic,activity,–,yet,retains,smalltown,feel"
Duke University,"founded,1838,duke,university,private,research,university,located,durham,north,carolina,named,university,’,great,benefactor,james,buchanan,duke,’,deceased,father,washington,duke,campus,span,8600,acre,three,campus,durham,well,marine,lab,beaufort,main,campus,–,designed,largely,architect,julian,abele,–,incorporates,gothic,architecture,looming,presence,duke,chapel,campus,centerpiece,seat,nearly,1600,people,contains,5200pipe,organ,duke,seventhwealthiest,private,university,america,2014,thomson,reuters,named,32,duke,professor,list,highly,cited,researcher,ten,nobel,laureate,three,turing,award,winner,also,affiliated,university,secondlargest,private,employer,state,north,carolina,early,day,brown,’,schoolhouse,duke,evolved,global,academic,research,powerhouse,levine,science,research,center,largest,singlesite,interdisciplinary,research,facility,american,university,2014,duke,spread,tentacle,eastward,opening,chinese,outpost,duke,kunshan,university,blend,americanstyle,liberal,art,education,chinese,tradition,recent,academic,achievement,include,three,student,named,rhodes,scholar,2002,2006,also,2006,duke,researcher,unveiled,first,working,demonstration,invisibility,cloak,delight,harry,potter,fan,around,world,total,around,15000,student,attend,duke,majority,postgraduate,81,studenttofaculty,ratio,personalizes,learning,experience,undergraduate,access,four,academic,school,including,trinity,college,art,science,sanford,school,public,policy,graduate,student,enroll,nine,graduate,professional,school,including,duke,law,school,fuqua,school,business,school,medicine,university,ethnically,diverse,politically,engaged,student,body,activism,1960s,prompted,martin,luther,king,jr,speak,campus,civil,right,movement,following,violence,charlottesville,2017,statue,confederate,general,robert,e,lee,removed,entrance,duke,university,chapel,majority,duke,student,live,campus,take,advantage,university,’,enviable,sport,facility,get,fully,involved,student,life,duke,home,400,student,organization,–,cultural,faithbased,political,servicebased,–,foster,student,interaction,exchange,help,student,develop,interest,passion"
University of Hong Kong (HKU),"university,hong,kong,hku,hong,kong,’,oldest,tertiary,institution,history,stretching,back,hundred,year,university,hong,kong,ranked,26th,amongst,respected,comprehensive,researchled,university,world,research,driven,university,111,professor,ranked,world,top,1,scientist,essential,science,indicator,thomson,reuters,globally,connected,university,340,leading,university,across,43,country,diverse,community,9000,international,student,96,country,world,class,curriculum,english,medium,instruction,994,graduate,employment,rate,last,11th,consecutive,year,hku,meet,student,96,country,learn,best,professor,world,amongst,60,outside,hong,kong,get,opportunity,life,experience,abroad,study,hku,2015,4000,hku,undergraduate,student,gone,either,one,semester,one,year,student,exchange,programme,partner,university,participated,service,learning,project,field,trip,undergraduate,research,programme,internship,overseas,hku,base,get,go,place,like,cambridge,mit,harvard,myanmar,south,africa,expand,horizon,last,11,year,994,graduate,received,least,one,job,offer,every,consecutive,academic,year,many,embarking,career,field,diverse,finance,law,engineering,technology,working,international,corporate,including,like,apple,google,goldman,sachs"
The University of Manchester,"university,manchester,offer,1000,degree,programme,across,humanity,business,science,engineering,subject,area,programme,include,foundation,course,bachelor,degree,master,degree,phd,mba,ranked,27th,world,according,q,world,university,rankings®,2021,university,manchester,prestigious,red,brick,university,also,member,russell,group,select,network,leading,researchintensive,university,uk,university,investing,£1,billion,10,year,campus,facility,helping,sustain,incredible,history,innovation,25,nobel,prize,winner,among,current,former,student,staff,university,helped,development,world,first,modern,computer,1948,ernest,rutherford,first,split,atom,1917,today,university,manchester,forefront,cutting,edge,research,science,engineering,particularly,new,treatment,lifethreatening,disease,20152016,alone,university,manchester,attracted,£342,million,external,research,funding,recruiter,target,university,manchester,graduate,’,highly,employable,ranked,35th,q,graduate,employability,ranking,2017,boast,94,employability,rate,making,25,student,population,university,manchester,highest,percentage,international,student,uk,many,180,nationality,represented,campus,university,offer,number,postgraduate,scholarship,international,student,find,opportunity,may,eligible"
"University of California, Berkeley (UCB)","founded,1868,university,california,berkeley,ucb,public,research,university,flagship,institution,ten,research,university,affiliated,university,california,system,berkeley,one,14,founding,member,association,american,university,home,worldrenowned,research,institute,including,mathematical,science,research,institute,space,science,laboratory,berkeley,alumnus,faculty,researcher,include,99,nobel,laureate,23,turing,award,winner,14,pulitzer,prize,winner,faculty,member,j,r,oppenheimer,led,manhattan,project,create,first,atomic,bomb,berkeley,’,nobel,laureate,ernest,lawrence,invented,cyclotron,uc,berkeley,scientist,researcher,discovered,16,chemical,element,periodic,table,berkeley,started,little,40,student,first,fullcurriculum,university,california,quickly,gained,ground,illustrious,forebear,early,1940s,grown,substantially,ranked,second,harvard,decade,berkeley,gained,prestige,radiation,laboratory,instrumental,project,develop,atomic,bomb,sixty,berkeley,gained,worldwide,reputation,student,activism,thanks,free,speech,movement,1964,campus,opposition,vietnam,war,1969,governor,california,ronald,reagan,called,berkeley,campus,communist,sympathizer,protester,sex,deviant,though,today,’,student,tend,politically,moderate,berkeley,campus,encompasses,approximately,1232,acre,bay,area,los,angeles,many,beauxartsstyle,building,recognized,california,historical,landmark,three,quarter,40000,student,undergraduate,giving,life,campus,youthful,feel,vibrant,urban,surround,undergraduate,student,live,residential,hall,make,friend,work,play,safe,environment,designed,enhance,academic,experience,culture,care,also,student,coop,notforprofit,housing,cooperative,berkeley,student,1300,student,living,17,house,three,apartment,cooperative,around,berkeley,campus,student,play,sport,join,club,society,spanning,every,imaginable,interest,campus,student,visit,lawrence,hall,science,watch,sport,newlyrenovated,california,memorial,stadium,take,noon,concert,stroll,sproul,plaza,social,heart,berkeley,campus"
Australian National University (ANU),"australian,national,university,anu,worldleading,centre,education,research,ranked,1,australia,22,world,q,world,university,ranking,201617,australia,’,national,university,distinguished,outstanding,record,student,satisfaction,graduate,employability,academic,professional,staff,anu,offer,excellent,condition,including,flexible,working,arrangement,professional,development,opportunity,competitive,pay,generous,superannuation,within,integrated,engaged,oncampus,community"
University of Toronto,"founded,1827,university,toronto,evolved,canada,’,leading,institution,learning,discovery,knowledge,creation,proud,one,world,’,top,researchintensive,university,driven,invent,innovate,student,opportunity,learn,work,preeminent,thought,leader,multidisciplinary,network,teaching,research,faculty,alumnus,partner,idea,innovation,action,560000,graduate,continue,positive,impact,world"
Northwestern University,"three,campus,global,presence,northwestern,university,transcends,traditional,academic,boundary,highly,collaborative,environment,provides,diverse,student,faculty,exceptional,opportunity,personal,professional,growth,northwestern,one,country,’,leading,private,research,teaching,university,two,campus,located,lake,michigan,240acre,main,campus,evanston,12,mile,north,downtown,chicago,25acre,campus,chicago,third,campus,located,doha,qatar,northwestern,8000,fulltime,undergraduate,student,13000,graduate,professional,student,member,big,ten,conference,athletic,team,called,wildcat,morton,schapiro,served,president,northwestern,university,since,2009,ranked,9th,among,national,university,u,news,world,report,northwestern,recognized,nationally,internationally,educational,program,needbased,financial,aid,available,international,student,seeking,undergraduate,degree,northwestern,meet,100,admitted,firstyear,student,demonstrated,financial,need,four,year,northwestern,welcome,student,demonstrated,academic,achievement,diverse,social,ethnic,economic,background,90,percent,undergraduate,applicant,rank,top,10,percent,high,school,class,student,come,50,state,include,4300,international,student,120,country,university,’,12,college,school,include,bienen,school,music,weinberg,college,art,science,school,communication,school,education,social,policy,mccormick,school,engineering,applied,science,graduate,school,medill,school,journalism,medium,integrated,marketing,communication,pritzker,school,law,kellogg,school,management,feinberg,school,medicine,school,professional,study,northwestern,university,qatar"
The Hong Kong University of Science and Technology (HKUST),"established,1991,hong,kong,university,science,technology,hkust,international,research,university,dedicated,topnotch,education,research,founded,mission,advance,learning,knowledge,teaching,research,particularly,science,technology,engineering,management,business,study,complemented,humanity,social,science,well,assisting,hong,kong,’,socioeconomic,development,young,ambitious,university,gone,beyond,wildest,dream,many,climbing,high,international,esteem,reaping,numerous,honor,accolade,2019,hkust,ranked,32nd,among,1000,university,no2,world,’,top,50,university,50,q,respect,individual,school,hkust,also,put,strong,performance,school,engineering,named,18,amongst,world,’,top,500,engineering,technology,university,q,ranking,published,2019,ranked,2,greater,china,much,soughtafter,kellogghkust,executive,mba,emba,program,amid,high,expectation,also,topped,financial,time,emba,global,ranking,nine,time,past,twelve,year,hailed,widely,‘,miracle,’,stunning,achievement,hkust,come,miraculously,boil,university,’,positioning,focused,elite,research,university,strong,tie,global,institution,wideranging,connection,mainland,china,championing,interdisciplinary,study,dedication,educating,wellrounded,student,flourish,today,’,world,strong,entrepreneurial,spirit,innovative,thinking,mission,global,premier,knowledge,hub,crystallized,institute,advanced,study,last,least,spectacular,setting,sea,make,university,attractive,location,pursuit,intellectual,academic,excellence,keen,curating,diversified,international,learning,environment,hkust,home,15000,student,spanning,80,country,five,continent,whereas,world,’,amazing,talent,flocking,campus,eclectic,educational,experience,student,enrolled,earnest,expanding,horizon,joining,university,’,varied,exchange,program,include,250,partner,worldwide,international,mix,student,aside,hkust,also,life,promise,stronghold,cuttingedge,research,magnet,distinguished,academic,influential,thinker,hkust,consistently,achieved,highest,success,rate,research,grant,’,council,’,annual,competitive,general,research,fund,exercise,reach,47,2018,university,see,total,39,faculty,named,fellow,institute,electrical,electronics,engineer,ieee,among,highest,hong,kong,2011,faculty,reaped,five,state,science,technology,award,among,prestigious,award,science,technology,conferred,state,council,people,republic,china,largest,share,among,local,tertiary,institution,addition,six,chinese,academy,science,academician,hkust,nine,faculty,member,also,entered,national,science,technology,program,expert,database"
King's College London (KCL),"king,college,london,one,top,25,university,world,201617,q,world,university,ranking,among,oldest,england,king,27600,student,nearly,10500,graduate,student,150,country,worldwide,6800,staff,king,outstanding,reputation,worldclass,teaching,cuttingedge,research,2014,research,excellence,framework,ref,king,’,ranked,6th,nationally,‘,power,’,ranking,take,account,quality,quantity,research,activity,7th,quality,according,time,higher,education,ranking,eightyfour,per,cent,research,king,’,deemed,‘,worldleading,’,‘,internationally,excellent,’,3,4,university,top,seven,uk,university,research,earnings,overall,annual,income,£684,million,king,particularly,distinguished,reputation,humanity,law,science,including,wide,range,health,area,psychiatry,medicine,nursing,dentistry,social,science,including,international,affair,played,major,role,many,advance,shaped,modern,life,discovery,structure,dna,research,led,development,radio,television,mobile,phone,radar,king,college,london,guy,st,thomas,king,college,hospital,south,london,maudsley,nh,foundation,trust,part,king,health,partner,king,health,partner,academic,health,science,centre,ahsc,pioneering,global,collaboration,one,world,leading,researchled,university,three,london,successful,nh,foundation,trust,including,leading,teaching,hospital,comprehensive,mental,health,service,information,visit,wwwkingshealthpartnersorg,king,’,£600,million,campaign,world,questionsking,’,answer,delivered,huge,global,impact,area,king,’,particular,expertise,philanthropic,support,funded,new,research,save,young,life,evelina,london,child,’,hospital,established,king,’,dickson,poon,school,law,worldwide,leader,transnational,law,built,new,cancer,centre,guy,’,hospital,allowed,unique,collaboration,leading,neuroscientist,fasttrack,new,treatment,alzheimer,’,parkinson,’,motor,neurone,disease,depression,schizophrenia,new,maurice,wohl,clinical,neuroscience,institute,created,cicely,saunders,institute,first,academic,institution,world,dedicated,palliative,care,supported,king,’,sierra,leone,partnership,ebola,crisis,donation,provide,300,promising,student,scholarship,bursary,yearmore,information,campaign,available,wwwkclacukkingsanswers"
Kyoto University,"kyoto,university,one,asia,’,leading,researchoriented,institution,famed,producing,worldbeating,researcher,including,13,nobel,prize,laureate,motto,school,founded,1897,“,freedom,academic,spirit,”,value,aim,instill,22000,student,enrolled,undergraduate,graduate,program,kyoto,rank,competitively,major,ranking,usually,coming,top,two,japan,top,10,asia,top,50,university,globally,making,major,player,university,scene,main,yoshida,campus,core,university,since,founding,notable,fascinating,architecture,encompassing,variety,style,brick,building,clock,tower,centennial,hall,symbol,university,modern,laboratory,building,campus,include,uji,campus,host,research,institute,stateoftheart,laboratory,testing,facility,katsura,campus,conceived,“,technoscience,hill,”,mixing,traditional,cutting,edge,therefore,one,typical,student,experience,kyoto,though,common,student,sense,belonging,academic,community,forefront,new,scholarly,horizon,particular,come,new,technology,meeting,global,challenge,interested,japanese,culture,city,kyoto,interest,’,birthplace,manga,capital,city,japan,1000,year,numerous,cultural,asset,cultivated,throughout,long,history,remain,city,one,every,10,people,university,student,–,far,highest,proportion,japanese,city,kyoto,also,blessed,abundance,nature,surrounded,mountain,tranquil,temple,garden,part,city,also,conservation,hub,compared,osaka,tokyo,cost,living,kyoto,relatively,low,city,center,fairly,compact,student,travel,around,safely,bicycle"
McGill University,"based,montreal,mcgill,university,rank,among,canada,prestigious,university,attracting,thousand,international,student,150,country,every,year,highest,percentage,phd,student,canadian,research,university,mcgill,university,owes,reputation,50,research,center,institute,400,program,rich,history,thriving,alumnus,network,250000,people,around,globe,graduate,highly,sought,employer,montreal,also,came,first,q,best,student,city,2017,ranking,studentfriendly,city,around,world,safe,affordable,montreal,infused,art,different,culture,35,million,resident,800000,born,overseas,220000,engaged,higher,education,rental,cost,significantly,lower,major,university,city,many,international,institute,pharmaceutical,firm,financial,company,aeronautical,firm,based,providing,ample,employment,opportunity,student,like,32,mcgill,university,’,graduate,student,international,strongly,urged,apply,scholarship,may,eligible,including,six,international,fellowship"
